record_id,partition
289,fit
74,fit
260,fit
281,fit
244,fit
173,fit
18,fit
239,fit
25,fit
271,fit
164,fit
114,fit
64,fit
41,fit
111,fit
1,fit
83,fit
139,fit
178,fit
11,fit
179,fit
133,fit
122,fit
35,fit
221,fit
274,fit
224,fit
26,fit
61,fit
7,fit
172,fit
86,fit
233,fit
12,fit
56,fit
267,fit
208,fit
31,fit
216,fit
284,fit
201,fit
163,fit
101,fit
3,fit
186,fit
218,fit
72,fit
148,fit
112,fit
230,fit
121,fit
27,fit
156,fit
197,fit
181,fit
92,fit
65,fit
91,fit
118,fit
154,fit
264,fit
155,fit
49,fit
298,fit
132,fit
95,fit
167,fit
19,fit
220,fit
107,fit
190,fit
57,fit
36,fit
90,fit
102,fit
24,fit
292,fit
33,fit
214,fit
63,fit
192,fit
23,fit
159,fit
126,fit
228,fit
146,fit
67,fit
195,fit
42,fit
152,fit
119,fit
115,fit
203,fit
183,fit
206,fit
87,fit
247,fit
222,fit
88,fit
127,fit
10,fit
294,fit
134,fit
295,fit
96,fit
283,fit
77,fit
73,fit
275,fit
191,fit
157,fit
141,fit
68,fit
37,fit
45,fit
205,fit
59,fit
278,fit
66,fit
259,fit
250,fit
249,fit
82,fit
279,fit
52,fit
138,fit
15,fit
2,fit
237,fit
266,fit
129,fit
225,fit
265,fit
184,fit
209,fit
20,fit
276,fit
251,fit
176,fit
223,fit
256,fit
142,fit
293,fit
124,fit
117,fit
89,fit
243,fit
210,fit
161,fit
16,fit
17,fit
40,fit
6,fit
211,fit
29,fit
185,fit
113,fit
187,fit
145,fit
170,fit
241,fit
213,fit
93,fit
136,fit
245,fit
34,fit
286,fit
273,fit
287,fit
79,fit
98,fit
32,fit
143,fit
234,fit
151,fit
80,fit
282,fit
268,fit
21,fit
120,fit
272,fit
263,fit
70,fit
85,fit
125,fit
227,fit
277,fit
288,fit
48,fit
58,fit
30,fit
43,fit
106,validation
144,validation
238,validation
171,validation
5,validation
202,validation
254,validation
226,validation
28,validation
147,validation
188,validation
160,validation
55,validation
199,validation
166,validation
175,validation
99,validation
162,validation
62,validation
180,validation
94,validation
280,validation
215,validation
81,validation
236,validation
246,validation
22,validation
229,validation
198,validation
150,validation
47,validation
182,validation
78,validation
13,validation
104,validation
54,validation
123,validation
60,validation
75,validation
128,validation
258,validation
130,validation
135,validation
69,validation
9,validation
257,validation
255,validation
242,validation
50,test
231,test
297,test
97,test
285,test
116,test
38,test
76,test
51,test
100,test
44,test
193,test
137,test
84,test
46,test
270,test
71,test
177,test
149,test
296,test
200,test
194,test
290,test
168,test
153,test
8,test
189,test
219,test
103,test
235,test
105,test
196,test
300,test
252,test
291,test
14,test
140,test
174,test
165,test
131,test
253,test
248,test
212,test
217,test
240,test
169,test
204,test
53,test
261,test
232,test
299,test
108,test
39,test
109,test
4,test
262,test
158,test
207,test
110,test
269,test
